match_id,team1Innings,runsChasing,wicketsDown,oversBowled,ballsBowled,ballsRemaining,runsRequired,crr,rrr,wicketsInHand,win
1,150,0,0,2.0,12,108,151,0.0,8.39,10,1
1,150,15,0,4.5,29,91,136,3.33,8.97,10,1
1,150,23,0,6.3,39,81,128,3.65,9.48,10,1
1,150,25,0,8.4,52,68,126,2.98,11.12,10,1
1,150,30,1,10.4,64,56,121,2.88,12.96,9,1
1,150,41,1,12.2,74,46,110,3.36,14.35,9,1
1,150,63,2,14.2,86,34,88,4.44,15.53,8,1
1,150,74,2,16.5,101,19,77,4.48,24.32,8,1
1,150,80,3,18.0,108,12,71,4.44,35.5,7,1
1,150,95,4,19.3,117,3,56,4.92,112.0,6,1
2,196,8,0,1.0,6,114,189,8.0,9.95,10,1
2,196,23,0,3.1,19,101,174,7.42,10.34,10,1
2,196,38,1,5.4,34,86,159,7.04,11.09,9,1
2,196,38,2,7.0,42,78,159,5.43,12.23,8,1
2,196,47,3,9.3,57,63,150,5.05,14.29,7,1
2,196,63,3,10.0,60,60,134,6.3,13.4,7,1
2,196,76,3,12.2,74,46,121,6.23,15.78,7,1
2,196,99,3,14.5,89,31,98,6.83,18.97,7,1
2,196,121,3,16.2,98,22,76,7.47,20.73,7,1
2,196,134,3,18.3,111,9,63,7.32,42.0,7,1
2,196,183,3,19.3,117,3,14,9.48,28.0,7,1
3,160,0,0,1.2,8,112,161,0.0,8.62,10,1
3,160,1,1,2.0,12,108,160,0.5,8.89,9,1
3,160,1,1,4.5,29,91,160,0.22,10.55,9,1
3,160,2,1,5.2,32,88,159,0.38,10.84,9,1
3,160,7,1,7.4,46,74,154,0.95,12.49,9,1
3,160,17,2,8.3,51,69,144,2.05,12.52,8,1
3,160,23,3,10.1,61,59,138,2.28,14.03,7,1
3,160,41,4,11.1,67,53,120,3.69,13.58,6,1
3,160,50,4,12.5,77,43,111,4.0,15.49,6,1
3,160,60,4,14.3,87,33,101,4.2,18.36,6,1
3,160,80,5,15.0,90,30,81,5.33,16.2,5,1
3,160,92,6,17.3,105,15,69,5.32,27.6,4,1
3,160,118,7,18.4,112,8,43,6.41,32.25,3,1
3,160,147,8,19.1,115,5,14,7.7,16.8,2,1
4,189,15,0,1.5,11,109,175,10.0,9.63,10,0
4,189,21,0,3.5,23,97,169,6.0,10.45,10,0
4,189,24,0,5.5,35,85,166,4.36,11.72,10,0
4,189,31,1,6.4,40,80,159,4.84,11.92,9,0
4,189,40,1,8.0,48,72,150,5.0,12.5,9,0
4,189,56,1,10.3,63,57,134,5.44,14.11,9,0
4,189,70,2,11.4,70,50,120,6.14,14.4,8,0
4,189,86,3,13.1,79,41,104,6.56,15.22,7,0
4,189,111,4,15.4,94,26,79,7.21,18.23,6,0
4,189,119,4,16.1,97,23,71,7.39,18.52,6,0
4,189,131,5,18.5,113,7,59,7.08,50.57,5,0
4,189,143,5,19.3,117,3,47,7.41,94.0,5,0
5,158,8,0,2.0,12,108,151,4.0,8.39,10,1
5,158,9,0,4.0,24,96,150,2.25,9.38,10,1
5,158,25,0,6.5,41,79,134,3.85,10.18,10,1
5,158,31,0,8.4,52,68,128,3.69,11.29,10,1
5,158,48,1,10.0,60,60,111,4.8,11.1,9,1
5,158,54,1,12.1,73,47,105,4.46,13.4,9,1
5,158,79,1,14.4,88,32,80,5.49,15.0,9,1
5,158,90,2,16.2,98,22,69,5.56,18.82,8,1
5,158,108,3,18.2,110,10,51,5.93,30.6,7,1
5,158,128,3,19.3,117,3,31,6.63,62.0,7,1
6,143,3,1,1.5,11,109,141,2.0,7.76,9,0
6,143,11,1,2.1,13,107,133,5.24,7.46,9,0
6,143,22,1,4.2,26,94,122,5.24,7.79,9,0
6,143,29,2,5.1,31,89,115,5.69,7.75,8,0
6,143,31,2,7.0,42,78,113,4.43,8.69,8,0
6,143,38,3,8.1,49,71,106,4.69,8.96,7,0
6,143,42,3,10.0,60,60,102,4.2,10.2,7,0
6,143,46,3,11.3,69,51,98,4.07,11.53,7,0
6,143,58,3,12.3,75,45,86,4.72,11.47,7,0
6,143,66,4,14.2,86,34,78,4.65,13.76,6,0
6,143,76,4,15.4,94,26,68,4.94,15.69,6,0
6,143,95,4,17.3,105,15,49,5.49,19.6,6,0
6,143,112,4,18.1,109,11,32,6.19,17.45,6,0
6,143,123,4,19.4,118,2,21,6.34,63.0,6,0
7,165,4,1,1.1,7,113,162,3.64,8.6,9,0
7,165,13,2,3.1,19,101,153,4.19,9.09,8,0
7,165,25,2,5.0,30,90,141,5.0,9.4,8,0
7,165,31,3,7.3,45,75,135,4.25,10.8,7,0
7,165,42,3,9.3,57,63,124,4.52,11.81,7,0
7,165,51,4,10.5,65,55,115,4.86,12.55,6,0
7,165,59,4,12.0,72,48,107,4.92,13.38,6,0
7,165,82,5,14.5,89,31,84,5.66,16.26,5,0
7,165,91,6,16.3,99,21,75,5.58,21.43,4,0
7,165,100,6,18.0,108,12,66,5.56,33.0,4,0
7,165,114,7,19.4,118,2,52,5.88,156.0,3,0
8,207,2,0,1.5,11,109,206,1.33,11.34,10,1
8,207,15,0,3.2,20,100,193,4.69,11.58,10,1
8,207,29,0,5.5,35,85,179,5.27,12.64,10,1
8,207,44,0,6.2,38,82,164,7.1,12.0,10,1
8,207,49,1,8.0,48,72,159,6.12,13.25,9,1
8,207,69,1,10.5,65,55,139,6.57,15.16,9,1
8,207,77,1,11.4,70,50,131,6.75,15.72,9,1
8,207,92,1,13.5,83,37,116,6.81,18.81,9,1
8,207,115,1,15.4,94,26,93,7.47,21.46,9,1
8,207,132,2,16.2,98,22,76,8.15,20.73,8,1
8,207,156,3,18.5,113,7,52,8.43,44.57,7,1
8,207,185,3,19.0,114,6,23,9.74,23.0,7,1
9,160,13,0,2.5,17,103,148,5.2,8.62,10,0
9,160,23,0,4.2,26,94,138,5.48,8.81,10,0
9,160,30,0,6.4,40,80,131,4.69,9.82,10,0
9,160,32,1,8.3,51,69,129,3.86,11.22,9,0
9,160,51,1,10.1,61,59,110,5.05,11.19,9,0
9,160,61,1,12.0,72,48,100,5.08,12.5,9,0
9,160,67,2,14.1,85,35,94,4.75,16.11,8,0
9,160,85,3,16.5,101,19,76,5.15,24.0,7,0
9,160,101,4,18.4,112,8,60,5.49,45.0,6,0
9,160,124,4,19.4,118,2,37,6.39,111.0,6,0
10,205,3,0,1.4,10,110,203,2.14,11.07,10,1
10,205,18,0,3.5,23,97,188,5.14,11.63,10,1
10,205,35,0,4.4,28,92,171,7.95,11.15,10,1
10,205,50,0,6.1,37,83,156,8.2,11.28,10,1
10,205,67,0,7.2,44,76,139,9.31,10.97,10,1
10,205,76,1,9.0,54,66,130,8.44,11.82,9,1
10,205,83,1,10.4,64,56,123,7.98,13.18,9,1
10,205,87,1,12.0,72,48,119,7.25,14.88,9,1
10,205,101,2,13.1,79,41,105,7.71,15.37,8,1
10,205,115,2,15.3,93,27,91,7.52,20.22,8,1
10,205,119,2,16.5,101,19,87,7.21,27.47,8,1
10,205,155,2,18.3,111,9,51,8.47,34.0,8,1
10,205,164,2,19.4,118,2,42,8.45,126.0,8,1
11,143,9,0,1.0,6,114,135,9.0,7.11,10,1
11,143,11,0,2.4,16,104,133,4.58,7.67,10,1
11,143,14,0,4.2,26,94,130,3.33,8.3,10,1
11,143,19,0,5.0,30,90,125,3.8,8.33,10,1
11,143,24,0,6.0,36,84,120,4.0,8.57,10,1
11,143,34,1,8.3,51,69,110,4.1,9.57,9,1
11,143,43,1,9.3,57,63,101,4.62,9.62,9,1
11,143,53,1,10.1,61,59,91,5.25,9.25,9,1
11,143,59,1,12.3,75,45,85,4.8,11.33,9,1
11,143,65,2,13.5,83,37,79,4.81,12.81,8,1
11,143,78,3,14.5,89,31,66,5.38,12.77,7,1
11,143,94,3,16.5,101,19,50,5.7,15.79,7,1
11,143,104,4,17.2,104,16,40,6.05,15.0,6,1
11,143,122,4,18.0,108,12,22,6.78,11.0,6,1
11,143,132,4,19.4,118,2,12,6.8,36.0,6,1
12,177,9,1,1.0,6,114,169,9.0,8.89,9,1
12,177,9,1,2.3,15,105,169,3.91,9.66,9,1
12,177,9,2,4.3,27,93,169,2.09,10.9,8,1
12,177,23,2,5.3,33,87,155,4.34,10.69,8,1
12,177,33,2,6.0,36,84,145,5.5,10.36,8,1
12,177,40,3,8.0,48,72,138,5.0,11.5,7,1
12,177,54,3,9.0,54,66,124,6.0,11.27,7,1
12,177,60,4,10.0,60,60,118,6.0,11.8,6,1
12,177,69,4,12.3,75,45,109,5.61,14.53,6,1
12,177,75,5,13.4,82,38,103,5.6,16.26,5,1
12,177,88,5,14.1,85,35,90,6.24,15.43,5,1
12,177,104,6,16.0,96,24,74,6.5,18.5,4,1
12,177,119,6,17.3,105,15,59,6.88,23.6,4,1
12,177,133,6,18.3,111,9,45,7.27,30.0,4,1
12,177,165,7,19.2,116,4,13,8.59,19.5,3,1
13,188,11,0,1.0,6,114,178,11.0,9.37,10,0
13,188,12,0,3.4,22,98,177,3.53,10.84,10,0
13,188,18,0,4.4,28,92,171,4.09,11.15,10,0
13,188,19,0,6.0,36,84,170,3.17,12.14,10,0
13,188,37,1,7.2,44,76,152,5.14,12.0,9,0
13,188,38,1,9.2,56,64,151,4.13,14.16,9,0
13,188,51,2,10.0,60,60,138,5.1,13.8,8,0
13,188,64,3,12.2,74,46,125,5.25,16.3,7,0
13,188,81,4,13.0,78,42,108,6.23,15.43,6,0
13,188,100,5,15.0,90,30,89,6.67,17.8,5,0
13,188,110,5,16.2,98,22,79,6.79,21.55,5,0
13,188,128,6,18.3,111,9,61,6.99,40.67,4,0
13,188,153,7,19.3,117,3,36,7.93,72.0,3,0
14,182,1,0,1.4,10,110,182,0.71,9.93,10,0
14,182,9,0,2.3,15,105,174,3.91,9.94,10,0
14,182,22,0,4.3,27,93,161,5.12,10.39,10,0
14,182,23,0,5.3,33,87,160,4.34,11.03,10,0
14,182,23,0,6.0,36,84,160,3.83,11.43,10,0
14,182,29,1,8.4,52,68,154,3.45,13.59,9,0
14,182,46,2,9.0,54,66,137,5.11,12.45,8,0
14,182,53,2,10.0,60,60,130,5.3,13.0,8,0
14,182,61,2,12.3,75,45,122,4.96,16.27,8,0
14,182,77,2,13.5,83,37,106,5.7,17.19,8,0
14,182,82,3,14.2,86,34,101,5.77,17.82,7,0
14,182,99,3,16.2,98,22,84,6.11,22.91,7,0
14,182,110,4,17.2,104,16,73,6.4,27.38,6,0
14,182,128,5,18.0,108,12,55,7.11,27.5,5,0
14,182,153,6,19.3,117,3,30,7.93,60.0,4,0
15,156,2,0,1.1,7,113,155,1.82,8.23,10,0
15,156,8,1,2.1,13,107,149,3.81,8.36,9,0
15,156,20,1,4.3,27,93,137,4.65,8.84,9,0
15,156,31,1,5.3,33,87,126,5.85,8.69,9,0
15,156,35,1,7.5,47,73,122,4.67,10.03,9,0
15,156,36,2,8.3,51,69,121,4.34,10.52,8,0
15,156,46,2,10.2,62,58,111,4.51,11.48,8,0
15,156,59,2,11.0,66,54,98,5.36,10.89,8,0
15,156,70,2,12.2,74,46,87,5.74,11.35,8,0
15,156,83,3,14.4,88,32,74,5.76,13.88,7,0
15,156,93,4,15.1,91,29,64,6.16,13.24,6,0
15,156,103,5,17.3,105,15,54,5.95,21.6,5,0
15,156,127,6,18.0,108,12,30,7.06,15.0,4,0
15,156,155,6,19.1,115,5,2,8.12,2.4,4,0
16,178,6,0,1.3,9,111,173,4.62,9.35,10,0
16,178,12,1,3.4,22,98,167,3.53,10.22,9,0
16,178,12,2,5.2,32,88,167,2.31,11.39,8,0
16,178,30,2,7.1,43,77,149,4.23,11.61,8,0
16,178,31,2,9.0,54,66,148,3.44,13.45,8,0
16,178,40,2,10.4,64,56,139,3.85,14.89,8,0
16,178,47,2,12.3,75,45,132,3.82,17.6,8,0
16,178,68,2,14.1,85,35,111,4.82,19.03,8,0
16,178,79,3,16.0,96,24,100,4.94,25.0,7,0
16,178,122,3,18.0,108,12,57,6.78,28.5,7,0
16,178,169,4,19.5,119,1,10,8.67,60.0,6,0
17,201,1,1,1.5,11,109,201,0.67,11.06,9,1
17,201,9,2,3.3,21,99,193,2.73,11.7,8,1
17,201,11,3,4.2,26,94,191,2.62,12.19,7,1
17,201,20,3,6.5,41,79,182,3.08,13.82,7,1
17,201,30,4,7.0,42,78,172,4.29,13.23,6,1
17,201,32,4,9.0,54,66,170,3.56,15.45,6,1
17,201,38,5,10.5,65,55,164,3.62,17.89,5,1
17,201,60,6,12.4,76,44,142,4.84,19.36,4,1
17,201,78,7,13.3,81,39,124,5.86,19.08,3,1
17,201,89,7,15.4,94,26,113,5.78,26.08,3,1
17,201,113,8,16.5,101,19,89,6.85,28.11,2,1
17,201,119,9,18.3,111,9,83,6.5,55.33,1,1
17,201,166,9,19.0,114,6,36,8.74,36.0,1,1
18,189,12,1,1.3,9,111,178,9.23,9.62,9,1
18,189,12,2,3.5,23,97,178,3.43,11.01,8,1
18,189,22,2,5.0,30,90,168,4.4,11.2,8,1
18,189,30,2,7.0,42,78,160,4.29,12.31,8,1
18,189,37,2,9.2,56,64,153,4.02,14.34,8,1
18,189,41,2,10.4,64,56,149,3.94,15.96,8,1
18,189,46,2,12.4,76,44,144,3.71,19.64,8,1
18,189,60,3,14.1,85,35,130,4.26,22.29,7,1
18,189,93,3,16.0,96,24,97,5.81,24.25,7,1
18,189,131,4,18.4,112,8,59,7.12,44.25,6,1
18,189,152,5,19.3,117,3,38,7.88,76.0,5,1
19,209,14,0,2.3,15,105,196,6.09,11.2,10,0
19,209,33,0,4.3,27,93,177,7.67,11.42,10,0
19,209,33,0,6.1,37,83,177,5.41,12.8,10,0
19,209,55,1,8.3,51,69,155,6.63,13.48,9,0
19,209,74,1,10.0,60,60,136,7.4,13.6,9,0
19,209,78,2,12.3,75,45,132,6.34,17.6,8,0
19,209,84,3,14.4,88,32,126,5.83,23.62,7,0
19,209,118,4,16.1,97,23,92,7.33,24.0,6,0
19,209,143,5,18.5,113,7,67,7.73,57.43,5,0
19,209,153,5,19.0,114,6,57,8.05,57.0,5,0
20,174,4,1,1.4,10,110,171,2.86,9.33,9,1
20,174,8,1,2.5,17,103,167,3.2,9.73,9,1
20,174,9,1,4.3,27,93,166,2.09,10.71,9,1
20,174,12,2,5.4,34,86,163,2.22,11.37,8,1
20,174,19,3,7.5,47,73,156,2.53,12.82,7,1
20,174,36,4,8.5,53,67,139,4.24,12.45,6,1
20,174,53,4,10.5,65,55,122,5.05,13.31,6,1
20,174,69,4,11.3,69,51,106,6.11,12.47,6,1
20,174,75,4,12.0,72,48,100,6.25,12.5,6,1
20,174,94,5,14.1,85,35,81,6.67,13.89,5,1
20,174,114,6,15.3,93,27,61,7.45,13.56,4,1
20,174,119,7,17.4,106,14,56,6.84,24.0,3,1
20,174,141,7,18.4,112,8,34,7.66,25.5,3,1
20,174,158,7,19.4,118,2,17,8.14,51.0,3,1
21,165,6,0,1.5,11,109,160,4.0,8.81,10,0
21,165,6,1,2.1,13,107,160,2.86,8.97,9,0
21,165,14,2,4.3,27,93,152,3.26,9.81,8,0
21,165,14,2,5.5,35,85,152,2.55,10.73,8,0
21,165,28,3,7.3,45,75,138,3.84,11.04,7,0
21,165,28,3,8.5,53,67,138,3.29,12.36,7,0
21,165,38,3,10.4,64,56,128,3.65,13.71,7,0
21,165,51,4,11.2,68,52,115,4.55,13.27,6,0
21,165,70,4,12.4,76,44,96,5.65,13.09,6,0
21,165,78,5,14.3,87,33,88,5.45,16.0,5,0
21,165,84,5,15.0,90,30,82,5.6,16.4,5,0
21,165,109,5,17.0,102,18,57,6.41,19.0,5,0
21,165,132,5,18.0,108,12,34,7.33,17.0,5,0
21,165,145,6,19.1,115,5,21,7.59,25.2,4,0
22,171,11,0,2.2,14,106,161,5.0,9.11,10,0
22,171,25,0,4.3,27,93,147,5.81,9.48,10,0
22,171,35,1,6.4,40,80,137,5.47,10.28,9,0
22,171,43,1,8.1,49,71,129,5.31,10.9,9,0
22,171,49,1,10.2,62,58,123,4.8,12.72,9,0
22,171,54,2,12.2,74,46,118,4.43,15.39,8,0
22,171,61,2,14.3,87,33,111,4.27,20.18,8,0
22,171,79,3,16.1,97,23,93,4.91,24.26,7,0
22,171,91,3,18.0,108,12,81,5.06,40.5,7,0
22,171,148,4,19.0,114,6,24,7.79,24.0,6,0
23,174,0,0,1.2,8,112,175,0.0,9.38,10,1
23,174,16,0,3.3,21,99,159,4.85,9.64,10,1
23,174,31,1,5.2,32,88,144,5.96,9.82,9,1
23,174,42,1,7.3,45,75,133,5.75,10.64,9,1
23,174,49,1,9.0,54,66,126,5.44,11.45,9,1
23,174,60,1,10.4,64,56,115,5.77,12.32,9,1
23,174,67,1,12.0,72,48,108,5.58,13.5,9,1
23,174,79,2,14.4,88,32,96,5.49,18.0,8,1
23,174,91,3,16.5,101,19,84,5.52,26.53,7,1
23,174,99,4,18.3,111,9,76,5.41,50.67,6,1
23,174,160,5,19.2,116,4,15,8.33,22.5,5,1
24,160,4,1,1.1,7,113,157,3.64,8.34,9,1
24,160,7,2,3.4,22,98,154,2.06,9.43,8,1
24,160,13,3,4.4,28,92,148,2.95,9.65,7,1
24,160,18,3,6.5,41,79,143,2.77,10.86,7,1
24,160,31,3,7.4,46,74,130,4.19,10.54,7,1
24,160,39,3,9.0,54,66,122,4.33,11.09,7,1
24,160,55,4,10.2,62,58,106,5.39,10.97,6,1
24,160,69,5,12.1,73,47,92,5.7,11.74,5,1
24,160,81,5,13.5,83,37,80,6.0,12.97,5,1
24,160,93,5,15.2,92,28,68,6.12,14.57,5,1
24,160,98,6,16.3,99,21,63,6.01,18.0,4,1
24,160,119,6,18.0,108,12,42,6.61,21.0,4,1
24,160,154,7,19.3,117,3,7,7.98,14.0,3,1
25,183,13,0,1.0,6,114,171,13.0,9.0,10,1
25,183,23,0,3.2,20,100,161,7.19,9.66,10,1
25,183,33,0,4.3,27,93,151,7.67,9.74,10,1
25,183,42,0,6.3,39,81,142,6.67,10.52,10,1
25,183,50,0,7.1,43,77,134,7.04,10.44,10,1
25,183,51,0,9.0,54,66,133,5.67,12.09,10,1
25,183,62,0,10.1,61,59,122,6.14,12.41,10,1
25,183,73,0,12.4,76,44,111,5.89,15.14,10,1
25,183,85,0,13.2,80,40,99,6.44,14.85,10,1
25,183,107,1,15.0,90,30,77,7.13,15.4,9,1
25,183,113,1,16.4,100,20,71,6.89,21.3,9,1
25,183,137,2,18.5,113,7,47,7.41,40.29,8,1
25,183,168,2,19.3,117,3,16,8.7,32.0,8,1
26,156,0,0,1.4,10,110,157,0.0,8.56,10,0
26,156,11,0,2.5,17,103,146,4.4,8.5,10,0
26,156,21,1,4.1,25,95,136,5.12,8.59,9,0
26,156,29,1,5.4,34,86,128,5.37,8.93,9,0
26,156,37,2,7.2,44,76,120,5.14,9.47,8,0
26,156,45,2,8.3,51,69,112,5.42,9.74,8,0
26,156,50,2,10.0,60,60,107,5.0,10.7,8,0
26,156,57,2,11.3,69,51,100,5.04,11.76,8,0
26,156,63,3,12.3,75,45,94,5.12,12.53,7,0
26,156,77,4,14.5,89,31,80,5.31,15.48,6,0
26,156,90,4,15.4,94,26,67,5.84,15.46,6,0
26,156,104,4,17.4,106,14,53,5.98,22.71,6,0
26,156,113,5,18.1,109,11,44,6.24,24.0,5,0
26,156,124,6,19.3,117,3,33,6.42,66.0,4,0
27,185,15,1,1.5,11,109,171,10.0,9.41,9,0
27,185,26,1,3.5,23,97,160,7.43,9.9,9,0
27,185,36,2,5.3,33,87,150,6.79,10.34,8,0
27,185,36,3,7.2,44,76,150,5.0,11.84,7,0
27,185,43,3,9.3,57,63,143,4.62,13.62,7,0
27,185,59,3,10.3,63,57,127,5.73,13.37,7,0
27,185,80,3,12.5,77,43,106,6.4,14.79,7,0
27,185,99,3,14.3,87,33,87,6.92,15.82,7,0
27,185,110,4,16.2,98,22,76,6.79,20.73,6,0
27,185,141,4,18.3,111,9,45,7.7,30.0,6,0
27,185,170,4,19.5,119,1,16,8.72,96.0,6,0
28,153,8,0,1.4,10,110,146,5.71,7.96,10,0
28,153,9,0,2.3,15,105,145,3.91,8.29,10,0
28,153,20,1,4.4,28,92,134,4.55,8.74,9,0
28,153,27,1,5.5,35,85,127,4.91,8.96,9,0
28,153,35,1,6.3,39,81,119,5.56,8.81,9,0
28,153,41,1,8.3,51,69,113,4.94,9.83,9,0
28,153,53,2,9.0,54,66,101,5.89,9.18,8,0
28,153,60,3,10.0,60,60,94,6.0,9.4,7,0
28,153,66,3,12.0,72,48,88,5.5,11.0,7,0
28,153,78,4,13.5,83,37,76,5.78,12.32,6,0
28,153,88,5,14.5,89,31,66,6.07,12.77,5,0
28,153,98,5,16.2,98,22,56,6.05,15.27,5,0
28,153,104,6,17.3,105,15,50,6.01,20.0,4,0
28,153,127,7,18.3,111,9,27,6.94,18.0,3,0
28,153,138,8,19.0,114,6,16,7.26,16.0,2,0
29,170,12,0,1.5,11,109,159,8.0,8.75,10,1
29,170,16,0,3.3,21,99,155,4.85,9.39,10,1
29,170,27,0,5.4,34,86,144,5.0,10.05,10,1
29,170,34,0,6.1,37,83,137,5.57,9.9,10,1
29,170,42,0,8.3,51,69,129,5.06,11.22,10,1
29,170,51,1,10.0,60,60,120,5.1,12.0,9,1
29,170,56,2,11.4,70,50,115,4.91,13.8,8,1
29,170,78,3,13.5,83,37,93,5.78,15.08,7,1
29,170,86,4,15.3,93,27,85,5.62,18.89,6,1
29,170,95,5,16.3,99,21,76,5.83,21.71,5,1
29,170,130,5,18.4,112,8,41,7.07,30.75,5,1
29,170,138,6,19.1,115,5,33,7.23,39.6,4,1
30,190,11,1,2.1,13,107,180,5.24,10.09,9,1
30,190,19,2,4.2,26,94,172,4.52,10.98,8,1
30,190,31,2,6.4,40,80,160,4.84,12.0,8,1
30,190,43,2,8.0,48,72,148,5.38,12.33,8,1
30,190,49,2,10.1,61,59,142,4.85,14.44,8,1
30,190,64,2,12.4,76,44,127,5.16,17.32,8,1
30,190,78,2,14.3,87,33,113,5.45,20.55,8,1
30,190,111,3,16.3,99,21,80,6.81,22.86,7,1
30,190,131,4,18.4,112,8,60,7.12,45.0,6,1
30,190,183,5,19.5,119,1,8,9.38,48.0,5,1
31,198,11,1,2.2,14,106,188,5.0,10.64,9,1
31,198,14,1,4.4,28,92,185,3.18,12.07,9,1
31,198,30,2,6.0,36,84,169,5.0,12.07,8,1
31,198,48,3,8.5,53,67,151,5.65,13.52,7,1
31,198,58,3,10.4,64,56,141,5.58,15.11,7,1
31,198,75,3,12.5,77,43,124,6.0,17.3,7,1
31,198,96,4,14.5,89,31,103,6.62,19.94,6,1
31,198,120,5,16.3,99,21,79,7.36,22.57,5,1
31,198,146,5,18.2,110,10,53,8.02,31.8,5,1
31,198,177,6,19.2,116,4,22,9.22,33.0,4,1
32,177,7,0,1.1,7,113,171,6.36,9.08,10,1
32,177,10,1,3.5,23,97,168,2.86,10.39,9,1
32,177,10,1,4.5,29,91,168,2.22,11.08,9,1
32,177,15,1,6.4,40,80,163,2.34,12.22,9,1
32,177,21,1,7.5,47,73,157,2.8,12.9,9,1
32,177,23,2,9.4,58,62,155,2.45,15.0,8,1
32,177,40,3,10.1,61,59,138,3.96,14.03,7,1
32,177,53,4,12.0,72,48,125,4.42,15.62,6,1
32,177,61,5,13.3,81,39,117,4.59,18.0,5,1
32,177,78,6,15.4,94,26,100,5.06,23.08,4,1
32,177,82,7,16.2,98,22,96,5.06,26.18,3,1
32,177,124,8,18.5,113,7,54,6.7,46.29,2,1
32,177,161,9,19.5,119,1,17,8.26,102.0,1,1
33,164,3,0,1.2,8,112,162,2.5,8.68,10,0
33,164,6,1,2.0,12,108,159,3.0,8.83,9,0
33,164,13,2,4.0,24,96,152,3.25,9.5,8,0
33,164,16,2,5.2,32,88,149,3.08,10.16,8,0
33,164,25,3,7.1,43,77,140,3.52,10.91,7,0
33,164,25,3,8.3,51,69,140,3.01,12.17,7,0
33,164,30,3,10.0,60,60,135,3.0,13.5,7,0
33,164,47,4,11.1,67,53,118,4.23,13.36,6,0
33,164,64,5,12.0,72,48,101,5.33,12.62,5,0
33,164,69,6,14.5,89,31,96,4.76,18.58,4,0
33,164,73,6,15.3,93,27,92,4.77,20.44,4,0
33,164,96,6,17.4,106,14,69,5.52,29.57,4,0
33,164,128,7,18.4,112,8,37,6.96,27.75,3,0
33,164,135,8,19.2,116,4,30,7.03,45.0,2,0
34,201,14,0,1.0,6,114,188,14.0,9.89,10,1
34,201,25,0,3.1,19,101,177,8.06,10.51,10,1
34,201,34,0,5.0,30,90,168,6.8,11.2,10,1
34,201,47,0,6.3,39,81,155,7.46,11.48,10,1
34,201,47,0,8.1,49,71,155,5.8,13.1,10,1
34,201,53,0,10.2,62,58,149,5.2,15.41,10,1
34,201,63,0,11.1,67,53,139,5.68,15.74,10,1
34,201,81,0,13.3,81,39,121,6.09,18.62,10,1
34,201,95,1,15.2,92,28,107,6.25,22.93,9,1
34,201,119,2,16.4,100,20,83,7.26,24.9,8,1
34,201,128,2,18.3,111,9,74,6.99,49.33,8,1
34,201,181,3,19.5,119,1,21,9.28,126.0,7,1
35,188,10,0,1.1,7,113,179,9.09,9.5,10,0
35,188,24,0,3.5,23,97,165,6.86,10.21,10,0
35,188,28,0,4.0,24,96,161,7.0,10.06,10,0
35,188,29,0,6.3,39,81,160,4.6,11.85,10,0
35,188,38,0,7.5,47,73,151,5.07,12.41,10,0
35,188,42,1,9.2,56,64,147,4.57,13.78,9,0
35,188,59,1,10.3,63,57,130,5.73,13.68,9,0
35,188,66,1,12.1,73,47,123,5.45,15.7,9,0
35,188,87,1,13.3,81,39,102,6.54,15.69,9,0
35,188,91,2,15.3,93,27,98,5.95,21.78,8,0
35,188,113,3,16.4,100,20,76,6.89,22.8,7,0
35,188,141,4,18.2,110,10,48,7.75,28.8,6,0
35,188,168,5,19.5,119,1,21,8.62,126.0,5,0
36,210,6,0,1.4,10,110,205,4.29,11.18,10,0
36,210,25,1,3.0,18,102,186,8.33,10.94,9,0
36,210,34,2,5.1,31,89,177,6.67,11.93,8,0
36,210,39,2,7.5,47,73,172,5.2,14.14,8,0
36,210,53,3,9.0,54,66,158,5.89,14.36,7,0
36,210,64,3,10.1,61,59,147,6.34,14.95,7,0
36,210,82,3,12.0,72,48,129,6.83,16.12,7,0
36,210,114,4,14.1,85,35,97,8.09,16.63,6,0
36,210,140,5,16.3,99,21,71,8.59,20.29,5,0
36,210,162,6,18.4,112,8,49,8.8,36.75,4,0
36,210,204,7,19.5,119,1,7,10.46,42.0,3,0
37,152,7,1,1.5,11,109,146,4.67,8.04,9,0
37,152,13,2,2.0,12,108,140,6.5,7.78,8,0
37,152,18,2,4.0,24,96,135,4.5,8.44,8,0
37,152,26,3,5.3,33,87,127,4.91,8.76,7,0
37,152,34,3,6.4,40,80,119,5.31,8.92,7,0
37,152,42,3,8.1,49,71,111,5.19,9.38,7,0
37,152,46,3,9.2,56,64,107,5.0,10.03,7,0
37,152,53,3,10.4,64,56,100,5.1,10.71,7,0
37,152,66,3,12.2,74,46,87,5.41,11.35,7,0
37,152,74,4,13.3,81,39,79,5.56,12.15,6,0
37,152,79,4,14.5,89,31,74,5.45,14.32,6,0
37,152,94,5,16.5,101,19,59,5.7,18.63,5,0
37,152,109,6,17.2,104,16,44,6.34,16.5,4,0
37,152,116,7,18.5,113,7,37,6.27,31.71,3,0
37,152,139,8,19.5,119,1,14,7.13,84.0,2,0
38,142,3,1,2.5,17,103,140,1.2,8.16,9,0
38,142,10,1,4.0,24,96,133,2.5,8.31,9,0
38,142,13,1,6.2,38,82,130,2.1,9.51,9,0
38,142,26,1,8.3,51,69,117,3.13,10.17,9,0
38,142,32,2,10.3,63,57,111,3.11,11.68,8,0
38,142,44,2,12.4,76,44,99,3.55,13.5,8,0
38,142,63,3,14.2,86,34,80,4.44,14.12,7,0
38,142,74,4,16.2,98,22,69,4.57,18.82,6,0
38,142,108,5,18.4,112,8,35,5.87,26.25,5,0
38,142,115,5,19.1,115,5,28,6.02,33.6,5,0
39,201,14,0,2.0,12,108,188,7.0,10.44,10,0
39,201,28,0,4.0,24,96,174,7.0,10.88,10,0
39,201,40,0,6.2,38,82,162,6.45,11.85,10,0
39,201,54,1,8.3,51,69,148,6.51,12.87,9,0
39,201,60,2,10.2,62,58,142,5.88,14.69,8,0
39,201,72,2,12.3,75,45,130,5.85,17.33,8,0
39,201,96,2,14.5,89,31,106,6.62,20.52,8,0
39,201,118,2,16.3,99,21,84,7.24,24.0,8,0
39,201,159,3,18.2,110,10,43,8.74,25.8,7,0
39,201,166,3,19.5,119,1,36,8.51,216.0,7,0
40,140,6,0,1.0,6,114,135,6.0,7.11,10,1
40,140,14,0,3.3,21,99,127,4.24,7.7,10,1
40,140,22,0,4.4,28,92,119,5.0,7.76,10,1
40,140,29,0,6.0,36,84,112,4.83,8.0,10,1
40,140,30,0,7.3,45,75,111,4.11,8.88,10,1
40,140,37,1,9.4,58,62,104,3.94,10.06,9,1
40,140,50,2,10.3,63,57,91,4.85,9.58,8,1
40,140,60,3,12.5,77,43,81,4.8,11.3,7,1
40,140,72,4,13.3,81,39,69,5.41,10.62,6,1
40,140,86,4,15.2,92,28,55,5.66,11.79,6,1
40,140,90,5,16.5,101,19,51,5.45,16.11,5,1
40,140,112,5,18.1,109,11,29,6.19,15.82,5,1
40,140,125,5,19.0,114,6,16,6.58,16.0,5,1
41,140,4,1,1.5,11,109,137,2.67,7.54,9,1
41,140,13,1,3.1,19,101,128,4.19,7.6,9,1
41,140,22,1,5.2,32,88,119,4.23,8.11,9,1
41,140,35,2,6.2,38,82,106,5.65,7.76,8,1
41,140,38,2,8.4,52,68,103,4.52,9.09,8,1
41,140,43,2,10.1,61,59,98,4.26,9.97,8,1
41,140,57,2,11.0,66,54,84,5.18,9.33,8,1
41,140,63,2,13.4,82,38,78,4.7,12.32,8,1
41,140,82,3,15.3,93,27,59,5.36,13.11,7,1
41,140,95,3,16.4,100,20,46,5.79,13.8,7,1
41,140,105,4,18.2,110,10,36,5.77,21.6,6,1
41,140,130,5,19.2,116,4,11,6.77,16.5,5,1
42,167,2,0,1.3,9,111,166,1.54,8.97,10,1
42,167,14,0,2.4,16,104,154,5.83,8.88,10,1
42,167,16,1,4.2,26,94,152,3.81,9.7,9,1
42,167,27,1,5.2,32,88,141,5.19,9.61,9,1
42,167,41,1,7.0,42,78,127,5.86,9.77,9,1
42,167,50,2,8.0,48,72,118,6.25,9.83,8,1
42,167,58,2,10.3,63,57,110,5.63,11.58,8,1
42,167,67,3,11.2,68,52,101,5.98,11.65,7,1
42,167,77,3,12.5,77,43,91,6.16,12.7,7,1
42,167,86,4,14.5,89,31,82,5.93,15.87,6,1
42,167,103,5,15.3,93,27,65,6.73,14.44,5,1
42,167,109,5,17.5,107,13,59,6.23,27.23,5,1
42,167,115,6,18.5,113,7,53,6.22,45.43,4,1
42,167,160,6,19.0,114,6,8,8.42,8.0,4,1
43,157,2,0,1.2,8,112,156,1.67,8.36,10,1
43,157,2,0,3.0,18,102,156,0.67,9.18,10,1
43,157,11,0,4.0,24,96,147,2.75,9.19,10,1
43,157,17,0,6.0,36,84,141,2.83,10.07,10,1
43,157,23,0,7.4,46,74,135,3.11,10.95,10,1
43,157,26,0,9.2,56,64,132,2.83,12.38,10,1
43,157,44,1,10.4,64,56,114,4.23,12.21,9,1
43,157,56,1,12.0,72,48,102,4.67,12.75,9,1
43,157,62,2,13.1,79,41,96,4.73,14.05,8,1
43,157,80,3,15.5,95,25,78,5.16,18.72,7,1
43,157,92,4,16.2,98,22,66,5.68,18.0,6,1
43,157,111,5,18.1,109,11,47,6.13,25.64,5,1
43,157,155,5,19.5,119,1,3,7.95,18.0,5,1
44,207,14,0,1.0,6,114,194,14.0,10.21,10,0
44,207,25,0,3.0,18,102,183,8.33,10.76,10,0
44,207,41,0,4.4,28,92,167,9.32,10.89,10,0
44,207,41,1,6.5,41,79,167,6.31,12.68,9,0
44,207,56,1,7.1,43,77,152,7.89,11.84,9,0
44,207,62,1,9.2,56,64,146,6.74,13.69,9,0
44,207,79,2,10.4,64,56,129,7.6,13.82,8,0
44,207,99,3,12.4,76,44,109,7.98,14.86,7,0
44,207,109,3,13.4,82,38,99,8.13,15.63,7,0
44,207,122,4,15.1,91,29,86,8.08,17.79,6,0
44,207,147,5,16.0,96,24,61,9.19,15.25,5,0
44,207,173,5,18.0,108,12,35,9.61,17.5,5,0
44,207,181,6,19.5,119,1,27,9.28,162.0,4,0
45,141,6,0,1.3,9,111,136,4.62,7.35,10,1
45,141,12,1,3.4,22,98,130,3.53,7.96,9,1
45,141,21,2,4.4,28,92,121,4.77,7.89,8,1
45,141,32,2,6.4,40,80,110,5.0,8.25,8,1
45,141,35,2,7.4,46,74,107,4.73,8.68,8,1
45,141,35,3,9.1,55,65,107,3.85,9.88,7,1
45,141,44,4,10.0,60,60,98,4.4,9.8,6,1
45,141,59,4,12.3,75,45,83,4.8,11.07,6,1
45,141,72,5,13.3,81,39,70,5.41,10.77,5,1
45,141,86,6,15.2,92,28,56,5.66,12.0,4,1
45,141,100,6,16.1,97,23,42,6.21,10.96,4,1
45,141,112,7,18.3,111,9,30,6.12,20.0,3,1
45,141,129,8,19.4,118,2,13,6.65,39.0,2,1
46,167,15,1,2.0,12,108,153,7.5,8.5,9,1
46,167,22,2,4.5,29,91,146,4.89,9.63,8,1
46,167,28,2,6.0,36,84,140,4.67,10.0,8,1
46,167,44,2,8.5,53,67,124,5.18,11.1,8,1
46,167,54,2,10.5,65,55,114,5.14,12.44,8,1
46,167,71,2,12.3,75,45,97,5.77,12.93,8,1
46,167,78,2,14.1,85,35,90,5.53,15.43,8,1
46,167,88,3,16.2,98,22,80,5.43,21.82,7,1
46,167,104,4,18.3,111,9,64,5.68,42.67,6,1
46,167,147,5,19.0,114,6,21,7.74,21.0,5,1
47,199,14,0,2.5,17,103,186,5.6,10.83,10,0
47,199,26,0,4.3,27,93,174,6.05,11.23,10,0
47,199,36,1,6.2,38,82,164,5.81,12.0,9,0
47,199,46,1,8.4,52,68,154,5.48,13.59,9,0
47,199,51,2,10.2,62,58,149,5.0,15.41,8,0
47,199,73,3,12.2,74,46,127,5.98,16.57,7,0
47,199,93,4,14.3,87,33,107,6.5,19.45,6,0
47,199,121,5,16.2,98,22,79,7.47,21.55,5,0
47,199,152,5,18.4,112,8,48,8.26,36.0,5,0
47,199,190,6,19.5,119,1,10,9.74,60.0,4,0
48,199,3,0,1.5,11,109,197,2.0,10.84,10,1
48,199,14,0,2.0,12,108,186,7.0,10.33,10,1
48,199,20,1,4.3,27,93,180,4.65,11.61,9,1
48,199,22,1,5.4,34,86,178,4.07,12.42,9,1
48,199,37,1,6.0,36,84,163,6.17,11.64,9,1
48,199,44,1,8.0,48,72,156,5.5,13.0,9,1
48,199,48,1,9.1,55,65,152,5.27,14.03,9,1
48,199,59,2,10.5,65,55,141,5.62,15.38,8,1
48,199,68,2,12.4,76,44,132,5.48,18.0,8,1
48,199,81,3,13.3,81,39,119,6.09,18.31,7,1
48,199,101,3,14.1,85,35,99,7.16,16.97,7,1
48,199,105,4,16.1,97,23,95,6.52,24.78,6,1
48,199,118,5,17.3,105,15,82,6.82,32.8,5,1
48,199,152,6,18.3,111,9,48,8.31,32.0,4,1
48,199,191,7,19.5,119,1,9,9.79,54.0,3,1
49,210,10,0,1.2,8,112,201,8.33,10.77,10,0
49,210,15,1,2.3,15,105,196,6.52,11.2,9,0
49,210,30,1,4.5,29,91,181,6.67,11.93,9,0
49,210,38,1,5.1,31,89,173,7.45,11.66,9,0
49,210,41,1,6.4,40,80,170,6.41,12.75,9,0
49,210,49,2,8.1,49,71,162,6.05,13.69,8,0
49,210,56,2,9.2,56,64,155,6.09,14.53,8,0
49,210,71,2,10.3,63,57,140,6.89,14.74,8,0
49,210,75,2,12.0,72,48,136,6.25,17.0,8,0
49,210,82,3,13.0,78,42,129,6.31,18.43,7,0
49,210,88,4,14.3,87,33,123,6.15,22.36,6,0
49,210,99,5,16.0,96,24,112,6.19,28.0,5,0
49,210,119,6,17.3,105,15,92,6.88,36.8,4,0
49,210,164,7,18.2,110,10,47,9.01,28.2,3,0
49,210,180,8,19.2,116,4,31,9.38,46.5,2,0
50,187,8,0,1.4,10,110,180,5.71,9.82,10,0
50,187,9,1,2.3,15,105,179,3.91,10.23,9,0
50,187,18,1,4.0,24,96,170,4.5,10.62,9,0
50,187,26,1,5.2,32,88,162,5.0,11.05,9,0
50,187,35,2,7.1,43,77,153,4.93,11.92,8,0
50,187,38,2,8.1,49,71,150,4.69,12.68,8,0
50,187,48,2,10.0,60,60,140,4.8,14.0,8,0
50,187,62,2,11.3,69,51,126,5.49,14.82,8,0
50,187,79,2,12.4,76,44,109,6.37,14.86,8,0
50,187,89,2,14.4,88,32,99,6.18,18.56,8,0
50,187,104,3,15.0,90,30,84,6.93,16.8,7,0
50,187,131,4,17.2,104,16,57,7.62,21.38,6,0
50,187,157,5,18.1,109,11,31,8.67,16.91,5,0
50,187,175,5,19.2,116,4,13,9.11,19.5,5,0
51,182,0,0,1.2,8,112,183,0.0,9.8,10,1
51,182,0,0,2.0,12,108,183,0.0,10.17,10,1
51,182,7,0,4.4,28,92,176,1.59,11.48,10,1
51,182,16,0,5.5,35,85,167,2.91,11.79,10,1
51,182,19,1,6.1,37,83,164,3.11,11.86,9,1
51,182,34,1,8.4,52,68,149,4.05,13.15,9,1
51,182,44,1,9.5,59,61,139,4.63,13.67,9,1
51,182,49,1,10.3,63,57,134,4.76,14.11,9,1
51,182,62,2,12.2,74,46,121,5.08,15.78,8,1
51,182,72,2,13.4,82,38,111,5.37,17.53,8,1
51,182,94,3,14.4,88,32,89,6.53,16.69,7,1
51,182,106,3,16.3,99,21,77,6.5,22.0,7,1
51,182,123,4,17.2,104,16,60,7.15,22.5,6,1
51,182,147,4,18.1,109,11,36,8.12,19.64,6,1
51,182,164,5,19.0,114,6,19,8.63,19.0,5,1
52,148,5,0,1.3,9,111,144,3.85,7.78,10,1
52,148,10,0,3.0,18,102,139,3.33,8.18,10,1
52,148,13,1,5.0,30,90,136,2.6,9.07,9,1
52,148,26,1,7.5,47,73,123,3.47,10.11,9,1
52,148,41,1,9.5,59,61,108,4.32,10.62,9,1
52,148,49,1,10.4,64,56,100,4.71,10.71,9,1
52,148,66,1,12.0,72,48,83,5.5,10.38,9,1
52,148,84,2,14.1,85,35,65,5.96,11.14,8,1
52,148,99,3,16.0,96,24,50,6.19,12.5,7,1
52,148,123,3,18.4,112,8,26,6.68,19.5,7,1
52,148,144,3,19.3,117,3,5,7.46,10.0,7,1
53,176,10,0,1.5,11,109,167,6.67,9.19,10,0
53,176,13,1,3.3,21,99,164,3.94,9.94,9,0
53,176,15,2,5.3,33,87,162,2.83,11.17,8,0
53,176,27,2,6.2,38,82,150,4.35,10.98,8,0
53,176,36,2,8.2,50,70,141,4.39,12.09,8,0
53,176,41,2,10.4,64,56,136,3.94,14.57,8,0
53,176,62,2,11.0,66,54,115,5.64,12.78,8,0
53,176,74,3,13.4,82,38,103,5.52,16.26,7,0
53,176,84,3,15.3,93,27,93,5.49,20.67,7,0
53,176,92,4,16.2,98,22,85,5.68,23.18,6,0
53,176,126,5,18.3,111,9,51,6.89,34.0,5,0
53,176,172,6,19.0,114,6,5,9.05,5.0,4,0
54,200,13,0,2.5,17,103,188,5.2,10.95,10,1
54,200,24,0,4.2,26,94,177,5.71,11.3,10,1
54,200,35,0,6.2,38,82,166,5.65,12.15,10,1
54,200,37,0,8.0,48,72,164,4.62,13.67,10,1
54,200,44,1,10.4,64,56,157,4.23,16.82,9,1
54,200,51,1,12.0,72,48,150,4.25,18.75,9,1
54,200,70,2,14.2,86,34,131,4.93,23.12,8,1
54,200,91,3,16.2,98,22,110,5.62,30.0,7,1
54,200,110,4,18.5,113,7,91,5.95,78.0,6,1
54,200,172,5,19.4,118,2,29,8.87,87.0,5,1
55,195,11,0,1.5,11,109,185,7.33,10.18,10,0
55,195,24,1,3.5,23,97,172,6.86,10.64,9,0
55,195,24,2,4.0,24,96,172,6.0,10.75,8,0
55,195,34,3,6.5,41,79,162,5.23,12.3,7,0
55,195,47,4,7.2,44,76,149,6.53,11.76,6,0
55,195,63,4,9.2,56,64,133,6.85,12.47,6,0
55,195,68,4,10.1,61,59,128,6.73,13.02,6,0
55,195,73,4,12.4,76,44,123,5.89,16.77,6,0
55,195,86,5,13.3,81,39,110,6.47,16.92,5,0
55,195,95,6,15.0,90,30,101,6.33,20.2,4,0
55,195,127,6,16.0,96,24,69,7.94,17.25,4,0
55,195,142,7,18.5,113,7,54,7.68,46.29,3,0
55,195,176,8,19.4,118,2,20,9.07,60.0,2,0
56,164,8,0,1.4,10,110,157,5.71,8.56,10,1
56,164,17,1,3.3,21,99,148,5.15,8.97,9,1
56,164,21,1,4.4,28,92,144,4.77,9.39,9,1
56,164,31,2,6.4,40,80,134,4.84,10.05,8,1
56,164,43,3,7.1,43,77,122,6.06,9.51,7,1
56,164,48,3,9.5,59,61,117,5.05,11.51,7,1
56,164,61,3,10.1,61,59,104,6.04,10.58,7,1
56,164,70,4,12.0,72,48,95,5.83,11.88,6,1
56,164,82,5,13.2,80,40,83,6.21,12.45,5,1
56,164,102,5,15.4,94,26,63,6.62,14.54,5,1
56,164,106,5,16.5,101,19,59,6.42,18.63,5,1
56,164,112,5,18.1,109,11,53,6.19,28.91,5,1
56,164,135,6,19.2,116,4,30,7.03,45.0,4,1
57,156,2,1,1.1,7,113,155,1.82,8.23,9,1
57,156,3,2,3.2,20,100,154,0.94,9.24,8,1
57,156,16,3,4.4,28,92,141,3.64,9.2,7,1
57,156,26,3,6.1,37,83,131,4.26,9.47,7,1
57,156,29,3,7.5,47,73,128,3.87,10.52,7,1
57,156,40,3,9.2,56,64,117,4.35,10.97,7,1
57,156,48,3,10.1,61,59,109,4.75,11.08,7,1
57,156,66,4,12.1,73,47,91,5.45,11.62,6,1
57,156,74,5,13.5,83,37,83,5.48,13.46,5,1
57,156,86,5,15.4,94,26,71,5.58,16.38,5,1
57,156,91,6,16.4,100,20,66,5.55,19.8,4,1
57,156,113,7,18.5,113,7,44,6.11,37.71,3,1
57,156,137,7,19.4,118,2,20,7.06,60.0,3,1
58,171,2,0,2.1,13,107,170,0.95,9.53,10,0
58,171,3,0,4.1,25,95,169,0.73,10.67,10,0
58,171,10,0,6.5,41,79,162,1.54,12.3,10,0
58,171,14,0,8.4,52,68,158,1.67,13.94,10,0
58,171,33,0,10.1,61,59,139,3.27,14.14,10,0
58,171,49,0,12.0,72,48,123,4.08,15.38,10,0
58,171,58,1,14.3,87,33,114,4.06,20.73,9,0
58,171,63,2,16.5,101,19,109,3.82,34.42,8,0
58,171,71,3,18.5,113,7,101,3.84,86.57,7,0
58,171,94,4,19.0,114,6,78,4.95,78.0,6,0
59,145,13,1,2.2,14,106,133,5.91,7.53,9,1
59,145,26,1,4.4,28,92,120,5.91,7.83,9,1
59,145,37,1,6.2,38,82,109,5.97,7.98,9,1
59,145,41,1,8.0,48,72,105,5.12,8.75,9,1
59,145,58,1,10.2,62,58,88,5.69,9.1,9,1
59,145,65,1,12.2,74,46,81,5.33,10.57,9,1
59,145,84,2,14.3,87,33,62,5.87,11.27,8,1
59,145,90,3,16.3,99,21,56,5.52,16.0,7,1
59,145,101,3,18.4,112,8,45,5.49,33.75,7,1
59,145,144,4,19.2,116,4,2,7.5,3.0,6,1
60,191,3,1,1.4,10,110,189,2.14,10.31,9,1
60,191,13,1,2.3,15,105,179,5.65,10.23,9,1
60,191,14,2,4.3,27,93,178,3.26,11.48,8,1
60,191,20,2,5.4,34,86,172,3.7,12.0,8,1
60,191,29,2,7.1,43,77,163,4.08,12.7,8,1
60,191,35,3,8.0,48,72,157,4.38,13.08,7,1
60,191,39,4,10.1,61,59,153,3.86,15.56,6,1
60,191,48,4,11.4,70,50,144,4.21,17.28,6,1
60,191,54,4,12.1,73,47,138,4.46,17.62,6,1
60,191,66,5,14.5,89,31,126,4.55,24.39,5,1
60,191,77,5,15.0,90,30,115,5.13,23.0,5,1
60,191,92,6,17.0,102,18,100,5.41,33.33,4,1
60,191,120,7,18.1,109,11,72,6.63,39.27,3,1
60,191,176,8,19.5,119,1,16,9.03,96.0,2,1
61,146,0,0,1.5,11,109,147,0.0,8.09,10,0
61,146,4,0,2.3,15,105,143,1.74,8.17,10,0
61,146,7,1,4.4,28,92,140,1.59,9.13,9,0
61,146,15,1,5.3,33,87,132,2.83,9.1,9,0
61,146,19,1,6.3,39,81,128,3.02,9.48,9,0
61,146,21,2,8.4,52,68,126,2.5,11.12,8,0
61,146,32,2,9.4,58,62,115,3.4,11.13,8,0
61,146,39,3,10.0,60,60,108,3.9,10.8,7,0
61,146,47,3,12.4,76,44,100,3.79,13.64,7,0
61,146,55,3,13.3,81,39,92,4.14,14.15,7,0
61,146,69,3,14.3,87,33,78,4.83,14.18,7,0
61,146,77,4,16.2,98,22,70,4.75,19.09,6,0
61,146,96,5,17.1,103,17,51,5.61,18.0,5,0
61,146,117,6,18.4,112,8,30,6.36,22.5,4,0
61,146,138,7,19.5,119,1,9,7.08,54.0,3,0
62,201,7,1,1.1,7,113,195,6.36,10.35,9,0
62,201,21,1,3.4,22,98,181,6.18,11.08,9,0
62,201,23,2,5.2,32,88,179,4.42,12.2,8,0
62,201,42,3,6.5,41,79,160,6.46,12.15,7,0
62,201,46,3,8.0,48,72,156,5.75,13.0,7,0
62,201,67,4,10.5,65,55,135,6.38,14.73,6,0
62,201,73,5,11.4,70,50,129,6.4,15.48,5,0
62,201,89,6,13.0,78,42,113,6.85,16.14,4,0
62,201,106,7,15.0,90,30,96,7.07,19.2,3,0
62,201,127,7,16.5,101,19,75,7.7,23.68,3,0
62,201,158,8,18.5,113,7,44,8.54,37.71,2,0
62,201,185,8,19.4,118,2,17,9.54,51.0,2,0
63,162,7,0,2.3,15,105,156,3.04,8.91,10,0
63,162,20,0,4.3,27,93,143,4.65,9.23,10,0
63,162,21,1,6.0,36,84,142,3.5,10.14,9,0
63,162,30,1,8.0,48,72,133,3.75,11.08,9,0
63,162,49,1,10.5,65,55,114,4.67,12.44,9,0
63,162,61,1,12.1,73,47,102,5.04,13.02,9,0
63,162,83,1,14.5,89,31,80,5.72,15.48,9,0
63,162,99,2,16.3,99,21,64,6.07,18.29,8,0
63,162,112,3,18.1,109,11,51,6.19,27.82,7,0
63,162,152,3,19.2,116,4,11,7.92,16.5,7,0
64,145,5,0,1.2,8,112,141,4.17,7.55,10,0
64,145,6,0,3.4,22,98,140,1.76,8.57,10,0
64,145,15,0,5.1,31,89,131,2.94,8.83,10,0
64,145,17,0,6.4,40,80,129,2.66,9.67,10,0
64,145,25,1,8.5,53,67,121,2.94,10.84,9,0
64,145,38,1,10.1,61,59,108,3.76,10.98,9,0
64,145,43,1,11.1,67,53,103,3.87,11.66,9,0
64,145,55,1,13.5,83,37,91,4.07,14.76,9,0
64,145,77,2,15.0,90,30,69,5.13,13.8,8,0
64,145,98,3,16.5,101,19,48,5.94,15.16,7,0
64,145,108,4,18.1,109,11,38,5.97,20.73,6,0
64,145,128,4,19.0,114,6,18,6.74,18.0,6,0
65,150,12,1,1.2,8,112,139,10.0,7.45,9,0
65,150,22,1,3.0,18,102,129,7.33,7.59,9,0
65,150,31,1,5.4,34,86,120,5.74,8.37,9,0
65,150,39,2,6.5,41,79,112,6.0,8.51,8,0
65,150,45,2,8.1,49,71,106,5.56,8.96,8,0
65,150,60,3,10.4,64,56,91,5.77,9.75,7,0
65,150,73,3,11.3,69,51,78,6.46,9.18,7,0
65,150,83,4,13.1,79,41,68,6.34,9.95,6,0
65,150,99,5,15.5,95,25,52,6.39,12.48,5,0
65,150,114,6,16.4,100,20,37,6.95,11.1,4,0
65,150,128,6,18.1,109,11,23,7.07,12.55,4,0
65,150,137,7,19.3,117,3,14,7.1,28.0,3,0
66,166,4,0,1.0,6,114,163,4.0,8.58,10,0
66,166,18,0,3.3,21,99,149,5.45,9.03,10,0
66,166,19,0,5.4,34,86,148,3.52,10.33,10,0
66,166,29,0,6.3,39,81,138,4.6,10.22,10,0
66,166,36,1,8.1,49,71,131,4.44,11.07,9,0
66,166,45,2,10.0,60,60,122,4.5,12.2,8,0
66,166,51,3,11.0,66,54,116,4.64,12.89,7,0
66,166,67,4,13.1,79,41,100,5.11,14.63,6,0
66,166,74,4,15.1,91,29,93,4.9,19.24,6,0
66,166,88,4,16.4,100,20,79,5.37,23.7,6,0
66,166,119,4,18.5,113,7,48,6.43,41.14,6,0
66,166,152,5,19.3,117,3,15,7.88,30.0,5,0
67,155,10,0,1.1,7,113,146,9.09,7.75,10,1
67,155,14,1,3.2,20,100,142,4.38,8.52,9,1
67,155,15,1,5.2,32,88,141,2.88,9.61,9,1
67,155,18,2,7.3,45,75,138,2.47,11.04,8,1
67,155,35,2,9.2,56,64,121,3.8,11.34,8,1
67,155,46,2,10.2,62,58,110,4.51,11.38,8,1
67,155,54,3,12.1,73,47,102,4.46,13.02,7,1
67,155,79,4,14.2,86,34,77,5.56,13.59,6,1
67,155,84,5,16.0,96,24,72,5.25,18.0,5,1
67,155,106,5,18.0,108,12,50,5.89,25.0,5,1
67,155,132,5,19.0,114,6,24,6.95,24.0,5,1
68,168,0,0,1.4,10,110,169,0.0,9.22,10,1
68,168,11,0,3.5,23,97,158,3.14,9.77,10,1
68,168,21,0,4.1,25,95,148,5.12,9.35,10,1
68,168,24,0,6.0,36,84,145,4.0,10.36,10,1
68,168,28,0,7.1,43,77,141,3.94,10.99,10,1
68,168,30,0,9.3,57,63,139,3.23,13.24,10,1
68,168,49,1,10.5,65,55,120,4.67,13.09,9,1
68,168,66,2,12.0,72,48,103,5.5,12.88,8,1
68,168,80,2,13.0,78,42,89,6.15,12.71,8,1
68,168,86,3,15.5,95,25,83,5.55,19.92,7,1
68,168,110,3,16.1,97,23,59,6.83,15.39,7,1
68,168,123,4,18.5,113,7,46,6.65,39.43,6,1
68,168,136,5,19.4,118,2,33,7.01,99.0,5,1
69,146,4,0,1.5,11,109,143,2.67,7.87,10,1
69,146,8,0,3.3,21,99,139,2.42,8.42,10,1
69,146,17,0,4.5,29,91,130,3.78,8.57,10,1
69,146,17,0,6.4,40,80,130,2.66,9.75,10,1
69,146,30,0,7.4,46,74,117,4.05,9.49,10,1
69,146,33,1,9.2,56,64,114,3.59,10.69,9,1
69,146,44,1,10.1,61,59,103,4.36,10.47,9,1
69,146,54,1,12.0,72,48,93,4.5,11.62,9,1
69,146,59,2,13.1,79,41,88,4.5,12.88,8,1
69,146,73,3,15.4,94,26,74,4.74,17.08,7,1
69,146,77,3,16.3,99,21,70,4.72,20.0,7,1
69,146,86,3,18.4,112,8,61,4.67,45.75,7,1
69,146,139,4,19.0,114,6,8,7.32,8.0,6,1
70,163,1,0,1.0,6,114,163,1.0,8.58,10,0
70,163,12,0,2.0,12,108,152,6.0,8.44,10,0
70,163,18,0,4.4,28,92,146,4.09,9.52,10,0
70,163,20,1,5.2,32,88,144,3.85,9.82,9,0
70,163,21,2,6.5,41,79,143,3.23,10.86,8,0
70,163,25,3,8.1,49,71,139,3.09,11.75,7,0
70,163,34,3,9.3,57,63,130,3.66,12.38,7,0
70,163,45,4,10.2,62,58,119,4.41,12.31,6,0
70,163,52,4,12.1,73,47,112,4.3,14.3,6,0
70,163,66,5,13.3,81,39,98,4.96,15.08,5,0
70,163,81,5,14.3,87,33,83,5.66,15.09,5,0
70,163,101,6,16.3,99,21,63,6.2,18.0,4,0
70,163,117,6,17.0,102,18,47,6.88,15.67,4,0
70,163,140,7,18.1,109,11,24,7.73,13.09,3,0
70,163,162,7,19.0,114,6,2,8.53,2.0,3,0
71,153,7,0,1.2,8,112,147,5.83,7.87,10,1
71,153,19,0,3.5,23,97,135,5.43,8.35,10,1
71,153,19,0,5.4,34,86,135,3.52,9.42,10,1
71,153,29,1,7.4,46,74,125,3.92,10.14,9,1
71,153,35,2,9.3,57,63,119,3.76,11.33,8,1
71,153,50,2,10.3,63,57,104,4.85,10.95,8,1
71,153,67,2,12.0,72,48,87,5.58,10.88,8,1
71,153,81,2,14.1,85,35,73,5.74,12.51,8,1
71,153,95,3,16.5,101,19,59,5.76,18.63,7,1
71,153,112,4,18.0,108,12,42,6.22,21.0,6,1
71,153,137,4,19.0,114,6,17,7.21,17.0,6,1
72,185,4,1,1.5,11,109,182,2.67,10.02,9,1
72,185,19,1,3.3,21,99,167,5.76,10.12,9,1
72,185,24,1,5.2,32,88,162,4.62,11.05,9,1
72,185,29,1,7.1,43,77,157,4.08,12.23,9,1
72,185,40,1,9.4,58,62,146,4.26,14.13,9,1
72,185,56,1,10.0,60,60,130,5.6,13.0,9,1
72,185,70,1,12.1,73,47,116,5.79,14.81,9,1
72,185,93,2,14.1,85,35,93,6.6,15.94,8,1
72,185,115,3,16.1,97,23,71,7.14,18.52,7,1
72,185,130,4,18.4,112,8,56,7.07,42.0,6,1
72,185,174,4,19.1,115,5,12,9.11,14.4,6,1
73,176,5,1,1.3,9,111,172,3.85,9.3,9,1
73,176,8,2,3.0,18,102,169,2.67,9.94,8,1
73,176,20,2,4.1,25,95,157,4.88,9.92,8,1
73,176,34,3,6.4,40,80,143,5.31,10.72,7,1
73,176,46,3,7.1,43,77,131,6.48,10.21,7,1
73,176,60,3,9.5,59,61,117,6.32,11.51,7,1
73,176,68,3,10.4,64,56,109,6.54,11.68,7,1
73,176,85,3,12.5,77,43,92,6.8,12.84,7,1
73,176,99,4,13.2,80,40,78,7.5,11.7,6,1
73,176,115,4,15.1,91,29,62,7.62,12.83,6,1
73,176,127,5,16.0,96,24,50,7.94,12.5,5,1
73,176,149,5,18.4,112,8,28,8.1,21.0,5,1
73,176,174,6,19.4,118,2,3,8.97,9.0,4,1
74,174,3,0,1.5,11,109,172,2.0,9.47,10,1
74,174,16,0,2.0,12,108,159,8.0,8.83,10,1
74,174,17,0,4.2,26,94,158,4.05,10.09,10,1
74,174,19,0,5.2,32,88,156,3.65,10.64,10,1
74,174,31,0,7.2,44,76,144,4.31,11.37,10,1
74,174,40,0,8.0,48,72,135,5.0,11.25,10,1
74,174,52,0,10.4,64,56,123,5.0,13.18,10,1
74,174,60,0,11.3,69,51,115,5.31,13.53,10,1
74,174,67,0,12.4,76,44,108,5.4,14.73,10,1
74,174,78,1,14.2,86,34,97,5.49,17.12,9,1
74,174,89,2,15.3,93,27,86,5.82,19.11,8,1
74,174,100,3,17.1,103,17,75,5.85,26.47,7,1
74,174,127,4,18.5,113,7,48,6.86,41.14,6,1
74,174,164,5,19.1,115,5,11,8.59,13.2,5,1
75,151,8,1,2.1,13,107,144,3.81,8.07,9,0
75,151,9,1,4.1,25,95,143,2.2,9.03,9,0
75,151,17,1,6.4,40,80,135,2.66,10.12,9,0
75,151,31,2,8.5,53,67,121,3.65,10.84,8,0
75,151,43,2,10.2,62,58,109,4.22,11.28,8,0
75,151,63,2,12.0,72,48,89,5.25,11.12,8,0
75,151,70,3,14.2,86,34,82,4.93,14.47,7,0
75,151,80,4,16.1,97,23,72,4.97,18.78,6,0
75,151,109,4,18.5,113,7,43,5.89,36.86,6,0
75,151,129,4,19.3,117,3,23,6.68,46.0,6,0
76,157,2,0,1.0,6,114,156,2.0,8.21,10,1
76,157,12,0,2.0,12,108,146,6.0,8.11,10,1
76,157,17,0,4.0,24,96,141,4.25,8.81,10,1
76,157,29,0,5.2,32,88,129,5.58,8.8,10,1
76,157,37,0,7.3,45,75,121,5.07,9.68,10,1
76,157,44,1,8.4,52,68,114,5.24,10.06,9,1
76,157,58,2,10.2,62,58,100,5.69,10.34,8,1
76,157,64,2,11.5,71,49,94,5.57,11.51,8,1
76,157,79,2,12.3,75,45,79,6.42,10.53,8,1
76,157,87,3,14.0,84,36,71,6.21,11.83,7,1
76,157,99,4,15.2,92,28,59,6.51,12.64,6,1
76,157,110,5,17.2,104,16,48,6.4,18.0,5,1
76,157,130,6,18.5,113,7,28,7.03,24.0,4,1
76,157,152,6,19.5,119,1,6,7.79,36.0,4,1
77,143,10,0,1.3,9,111,134,7.69,7.24,10,1
77,143,16,1,2.4,16,104,128,6.67,7.38,9,1
77,143,25,1,4.0,24,96,119,6.25,7.44,9,1
77,143,33,2,5.2,32,88,111,6.35,7.57,8,1
77,143,33,2,7.0,42,78,111,4.71,8.54,8,1
77,143,36,2,8.4,52,68,108,4.29,9.53,8,1
77,143,43,2,10.0,60,60,101,4.3,10.1,8,1
77,143,51,2,11.4,70,50,93,4.47,11.16,8,1
77,143,63,3,12.4,76,44,81,5.08,11.05,7,1
77,143,73,3,14.4,88,32,71,5.07,13.31,7,1
77,143,78,3,15.2,92,28,66,5.13,14.14,7,1
77,143,98,3,17.2,104,16,46,5.7,17.25,7,1
77,143,114,4,18.1,109,11,30,6.3,16.36,6,1
77,143,142,4,19.4,118,2,2,7.32,6.0,6,1
78,164,11,1,1.0,6,114,154,11.0,8.11,9,1
78,164,11,1,3.5,23,97,154,3.14,9.53,9,1
78,164,23,1,5.3,33,87,142,4.34,9.79,9,1
78,164,23,1,7.2,44,76,142,3.19,11.21,9,1
78,164,30,1,9.4,58,62,135,3.19,13.06,9,1
78,164,47,1,10.3,63,57,118,4.56,12.42,9,1
78,164,53,2,12.4,76,44,112,4.27,15.27,8,1
78,164,65,3,14.4,88,32,100,4.51,18.75,7,1
78,164,90,4,16.3,99,21,75,5.52,21.43,6,1
78,164,123,4,18.5,113,7,42,6.65,36.0,6,1
78,164,132,4,19.4,118,2,33,6.8,99.0,6,1
79,171,11,0,1.3,9,111,161,8.46,8.7,10,0
79,171,19,1,2.1,13,107,153,9.05,8.58,9,0
79,171,19,1,4.0,24,96,153,4.75,9.56,9,0
79,171,27,2,5.2,32,88,145,5.19,9.89,8,0
79,171,31,2,7.5,47,73,141,4.13,11.59,8,0
79,171,39,2,8.1,49,71,133,4.81,11.24,8,0
79,171,47,3,10.2,62,58,125,4.61,12.93,7,0
79,171,59,3,11.5,71,49,113,5.13,13.84,7,0
79,171,65,4,12.4,76,44,107,5.24,14.59,6,0
79,171,80,5,14.1,85,35,92,5.67,15.77,5,0
79,171,88,6,15.1,91,29,84,5.83,17.38,4,0
79,171,94,6,17.5,107,13,78,5.37,36.0,4,0
79,171,126,6,18.3,111,9,46,6.89,30.67,4,0
79,171,146,7,19.2,116,4,26,7.6,39.0,3,0
80,159,7,1,1.0,6,114,153,7.0,8.05,9,1
80,159,17,2,2.3,15,105,143,7.39,8.17,8,1
80,159,21,2,4.3,27,93,139,4.88,8.97,8,1
80,159,24,2,5.3,33,87,136,4.53,9.38,8,1
80,159,35,3,7.5,47,73,125,4.67,10.27,7,1
80,159,48,3,8.4,52,68,112,5.71,9.88,7,1
80,159,58,3,10.1,61,59,102,5.74,10.37,7,1
80,159,68,3,11.3,69,51,92,6.02,10.82,7,1
80,159,75,3,12.2,74,46,85,6.15,11.09,7,1
80,159,87,3,14.2,86,34,73,6.13,12.88,7,1
80,159,105,4,15.0,90,30,55,7.0,11.0,6,1
80,159,111,5,17.4,106,14,49,6.38,21.0,5,1
80,159,119,5,18.0,108,12,41,6.61,20.5,5,1
80,159,152,6,19.1,115,5,8,7.96,9.6,4,1
81,164,2,0,1.0,6,114,163,2.0,8.58,10,0
81,164,3,0,3.4,22,98,162,0.88,9.92,10,0
81,164,10,1,5.2,32,88,155,1.92,10.57,9,0
81,164,14,1,7.2,44,76,151,1.94,11.92,9,0
81,164,20,2,9.4,58,62,145,2.13,14.03,8,0
81,164,34,2,10.4,64,56,131,3.27,14.04,8,0
81,164,56,2,12.2,74,46,109,4.59,14.22,8,0
81,164,83,3,14.5,89,31,82,5.72,15.87,7,0
81,164,95,4,16.0,96,24,70,5.94,17.5,6,0
81,164,105,5,18.1,109,11,60,5.8,32.73,5,0
81,164,157,5,19.2,116,4,8,8.18,12.0,5,0
82,142,2,1,1.1,7,113,141,1.82,7.49,9,0
82,142,3,1,3.1,19,101,140,0.97,8.32,9,0
82,142,7,2,5.1,31,89,136,1.37,9.17,8,0
82,142,12,2,7.0,42,78,131,1.71,10.08,8,0
82,142,22,3,9.5,59,61,121,2.32,11.9,7,0
82,142,26,4,10.2,62,58,117,2.55,12.1,6,0
82,142,39,5,12.0,72,48,104,3.25,13.0,5,0
82,142,60,5,14.1,85,35,83,4.26,14.23,5,0
82,142,80,5,16.0,96,24,63,5.0,15.75,5,0
82,142,93,6,18.1,109,11,50,5.14,27.27,4,0
82,142,134,7,19.5,119,1,9,6.87,54.0,3,0
83,158,14,0,2.3,15,105,145,6.09,8.29,10,0
83,158,21,0,4.3,27,93,138,4.88,8.9,10,0
83,158,25,0,6.1,37,83,134,4.1,9.69,10,0
83,158,26,0,8.3,51,69,133,3.13,11.57,10,0
83,158,39,1,10.1,61,59,120,3.86,12.2,9,0
83,158,49,1,12.2,74,46,110,4.02,14.35,9,0
83,158,64,2,14.5,89,31,95,4.41,18.39,8,0
83,158,94,3,16.2,98,22,65,5.8,17.73,7,0
83,158,101,4,18.1,109,11,58,5.58,31.64,6,0
83,158,141,4,19.3,117,3,18,7.31,36.0,6,0
84,171,1,0,1.0,6,114,171,1.0,9.0,10,1
84,171,14,0,3.2,20,100,158,4.38,9.48,10,1
84,171,25,1,4.4,28,92,147,5.68,9.59,9,1
84,171,36,1,6.5,41,79,136,5.54,10.33,9,1
84,171,43,1,7.0,42,78,129,6.14,9.92,9,1
84,171,44,1,9.3,57,63,128,4.73,12.19,9,1
84,171,52,1,10.5,65,55,120,4.95,13.09,9,1
84,171,61,2,12.3,75,45,111,4.96,14.8,8,1
84,171,75,3,13.0,78,42,97,5.77,13.86,7,1
84,171,97,4,15.2,92,28,75,6.38,16.07,6,1
84,171,114,4,16.5,101,19,58,6.91,18.32,6,1
84,171,137,4,18.1,109,11,35,7.57,19.09,6,1
84,171,143,4,19.1,115,5,29,7.49,34.8,6,1
85,141,1,0,1.1,7,113,141,0.91,7.49,10,1
85,141,2,0,2.5,17,103,140,0.8,8.16,10,1
85,141,12,1,4.4,28,92,130,2.73,8.48,9,1
85,141,12,1,5.2,32,88,130,2.31,8.86,9,1
85,141,12,1,6.3,39,81,130,1.9,9.63,9,1
85,141,21,2,8.0,48,72,121,2.62,10.08,8,1
85,141,34,3,9.0,54,66,108,3.78,9.82,7,1
85,141,43,4,10.0,60,60,99,4.3,9.9,6,1
85,141,57,4,12.2,74,46,85,4.67,11.09,6,1
85,141,66,4,13.2,80,40,76,5.0,11.4,6,1
85,141,77,4,14.1,85,35,65,5.46,11.14,6,1
85,141,85,5,16.2,98,22,57,5.25,15.55,5,1
85,141,101,5,17.2,104,16,41,5.87,15.38,5,1
85,141,118,6,18.5,113,7,24,6.38,20.57,4,1
85,141,137,6,19.1,115,5,5,7.17,6.0,4,1
86,144,12,0,1.0,6,114,133,12.0,7.0,10,1
86,144,21,0,3.5,23,97,124,6.0,7.67,10,1
86,144,33,0,5.1,31,89,112,6.47,7.55,10,1
86,144,45,1,6.2,38,82,100,7.26,7.32,9,1
86,144,54,1,8.4,52,68,91,6.43,8.03,9,1
86,144,60,1,10.1,61,59,85,5.94,8.64,9,1
86,144,73,2,11.1,67,53,72,6.58,8.15,8,1
86,144,82,3,13.0,78,42,63,6.31,9.0,7,1
86,144,93,4,15.0,90,30,52,6.2,10.4,6,1
86,144,98,5,16.3,99,21,47,6.01,13.43,5,1
86,144,119,6,18.5,113,7,26,6.43,22.29,4,1
86,144,136,6,19.0,114,6,9,7.16,9.0,4,1
87,170,1,0,1.1,7,113,170,0.91,9.03,10,1
87,170,5,0,2.0,12,108,166,2.5,9.22,10,1
87,170,8,0,4.3,27,93,163,1.86,10.52,10,1
87,170,13,0,5.1,31,89,158,2.55,10.65,10,1
87,170,24,0,6.3,39,81,147,3.81,10.89,10,1
87,170,26,0,8.2,50,70,145,3.17,12.43,10,1
87,170,37,0,9.4,58,62,134,3.94,12.97,10,1
87,170,46,0,10.3,63,57,125,4.47,13.16,10,1
87,170,54,1,12.4,76,44,117,4.35,15.95,9,1
87,170,66,2,13.2,80,40,105,5.0,15.75,8,1
87,170,80,3,14.2,86,34,91,5.63,16.06,7,1
87,170,86,3,16.2,98,22,85,5.31,23.18,7,1
87,170,98,3,17.4,106,14,73,5.63,31.29,7,1
87,170,119,4,18.5,113,7,52,6.43,44.57,6,1
87,170,144,4,19.3,117,3,27,7.46,54.0,6,1
88,204,13,1,1.5,11,109,192,8.67,10.57,9,1
88,204,18,1,3.2,20,100,187,5.62,11.22,9,1
88,204,21,1,4.2,26,94,184,5.0,11.74,9,1
88,204,26,2,6.0,36,84,179,4.33,12.79,8,1
88,204,40,3,7.4,46,74,165,5.41,13.38,7,1
88,204,47,4,9.1,55,65,158,5.16,14.58,6,1
88,204,57,4,10.5,65,55,148,5.43,16.15,6,1
88,204,64,4,12.2,74,46,141,5.25,18.39,6,1
88,204,82,4,13.5,83,37,123,6.07,19.95,6,1
88,204,97,5,15.5,95,25,108,6.26,25.92,5,1
88,204,127,5,16.4,100,20,78,7.74,23.4,5,1
88,204,150,6,18.0,108,12,55,8.33,27.5,4,1
88,204,167,7,19.5,119,1,38,8.56,228.0,3,1
89,182,7,0,1.1,7,113,176,6.36,9.35,10,1
89,182,7,1,2.1,13,107,176,3.33,9.87,9,1
89,182,14,1,4.3,27,93,169,3.26,10.9,9,1
89,182,17,1,5.5,35,85,166,3.09,11.72,9,1
89,182,21,1,6.0,36,84,162,3.5,11.57,9,1
89,182,32,1,8.4,52,68,151,3.81,13.32,9,1
89,182,39,1,9.4,58,62,144,4.15,13.94,9,1
89,182,50,2,10.5,65,55,133,4.76,14.51,8,1
89,182,61,2,12.0,72,48,122,5.08,15.25,8,1
89,182,67,2,13.2,80,40,116,5.08,17.4,8,1
89,182,81,2,14.5,89,31,102,5.59,19.74,8,1
89,182,88,3,16.5,101,19,95,5.33,30.0,7,1
89,182,104,4,17.4,106,14,79,5.98,33.86,6,1
89,182,134,4,18.5,113,7,49,7.24,42.0,6,1
89,182,140,4,19.2,116,4,43,7.29,64.5,6,1
90,192,7,0,1.0,6,114,186,7.0,9.79,10,0
90,192,20,1,3.4,22,98,173,5.88,10.59,9,0
90,192,31,2,5.0,30,90,162,6.2,10.8,8,0
90,192,44,3,6.4,40,80,149,6.88,11.17,7,0
90,192,51,3,8.3,51,69,142,6.14,12.35,7,0
90,192,60,4,10.3,63,57,133,5.83,14.0,6,0
90,192,72,4,11.0,66,54,121,6.55,13.44,6,0
90,192,92,4,13.3,81,39,101,6.92,15.54,6,0
90,192,103,4,15.5,95,25,90,6.65,21.6,6,0
90,192,122,5,16.3,99,21,71,7.48,20.29,5,0
90,192,135,6,18.5,113,7,58,7.3,49.71,4,0
90,192,146,7,19.0,114,6,47,7.68,47.0,3,0
91,147,9,0,1.0,6,114,139,9.0,7.32,10,0
91,147,11,0,3.1,19,101,137,3.55,8.14,10,0
91,147,18,0,5.4,34,86,130,3.33,9.07,10,0
91,147,25,1,7.1,43,77,123,3.52,9.58,9,0
91,147,42,2,9.0,54,66,106,4.67,9.64,8,0
91,147,54,2,10.0,60,60,94,5.4,9.4,8,0
91,147,65,3,12.0,72,48,83,5.42,10.38,7,0
91,147,80,4,14.2,86,34,68,5.63,12.0,6,0
91,147,96,5,16.0,96,24,52,6.0,13.0,5,0
91,147,121,6,18.3,111,9,27,6.61,18.0,4,0
91,147,138,7,19.3,117,3,10,7.15,20.0,3,0
92,141,10,1,1.1,7,113,132,9.09,7.01,9,0
92,141,16,1,3.3,21,99,126,4.85,7.64,9,0
92,141,21,1,4.3,27,93,121,4.88,7.81,9,0
92,141,21,1,6.3,39,81,121,3.33,8.96,9,0
92,141,34,1,7.5,47,73,108,4.53,8.88,9,0
92,141,46,2,9.0,54,66,96,5.11,8.73,8,0
92,141,57,2,10.0,60,60,85,5.7,8.5,8,0
92,141,65,2,12.3,75,45,77,5.28,10.27,8,0
92,141,73,2,13.3,81,39,69,5.49,10.62,8,0
92,141,82,2,15.4,94,26,60,5.32,13.85,8,0
92,141,86,3,16.2,98,22,56,5.31,15.27,7,0
92,141,96,3,18.0,108,12,46,5.33,23.0,7,0
92,141,131,3,19.1,115,5,11,6.86,13.2,7,0
93,202,0,1,1.3,9,111,203,0.0,10.97,9,0
93,202,9,2,3.1,19,101,194,2.9,11.52,8,0
93,202,22,2,4.4,28,92,181,5.0,11.8,8,0
93,202,37,2,6.2,38,82,166,5.97,12.15,8,0
93,202,53,3,7.1,43,77,150,7.46,11.69,7,0
93,202,62,4,9.0,54,66,141,6.89,12.82,6,0
93,202,70,4,10.4,64,56,133,6.73,14.25,6,0
93,202,76,5,12.5,77,43,127,6.08,17.72,5,0
93,202,80,6,13.4,82,38,123,5.97,19.42,4,0
93,202,93,7,15.5,95,25,110,6.0,26.4,3,0
93,202,106,7,16.1,97,23,97,6.58,25.3,3,0
93,202,123,8,18.2,110,10,80,6.76,48.0,2,0
93,202,167,9,19.0,114,6,36,8.79,36.0,1,0
94,204,13,0,1.4,10,110,192,9.29,10.47,10,0
94,204,13,0,2.0,12,108,192,6.5,10.67,10,0
94,204,28,1,4.4,28,92,177,6.36,11.54,9,0
94,204,35,2,5.5,35,85,170,6.36,12.0,8,0
94,204,51,2,7.5,47,73,154,6.8,12.66,8,0
94,204,65,3,8.0,48,72,140,8.12,11.67,7,0
94,204,81,4,10.4,64,56,124,7.79,13.29,6,0
94,204,93,4,11.4,70,50,112,8.16,13.44,6,0
94,204,108,4,12.1,73,47,97,8.93,12.38,6,0
94,204,127,5,14.4,88,32,78,8.82,14.62,5,0
94,204,135,6,15.0,90,30,70,9.0,14.0,4,0
94,204,157,7,17.3,105,15,48,9.08,19.2,3,0
94,204,164,8,18.0,108,12,41,9.11,20.5,2,0
94,204,187,8,19.4,118,2,18,9.64,54.0,2,0
95,155,6,0,1.4,10,110,150,4.29,8.18,10,0
95,155,8,1,3.5,23,97,148,2.29,9.15,9,0
95,155,8,1,4.4,28,92,148,1.82,9.65,9,0
95,155,13,1,6.5,41,79,143,2.0,10.86,9,0
95,155,25,1,7.1,43,77,131,3.52,10.21,9,0
95,155,25,1,9.0,54,66,131,2.78,11.91,9,0
95,155,30,1,10.3,63,57,126,2.91,13.26,9,0
95,155,45,1,12.3,75,45,111,3.66,14.8,9,0
95,155,50,2,13.1,79,41,106,3.82,15.51,8,0
95,155,58,3,15.5,95,25,98,3.74,23.52,7,0
95,155,67,4,16.0,96,24,89,4.19,22.25,6,0
95,155,104,5,18.4,112,8,52,5.65,39.0,5,0
95,155,127,5,19.1,115,5,29,6.65,34.8,5,0
96,177,0,0,1.4,10,110,178,0.0,9.71,10,1
96,177,7,0,2.0,12,108,171,3.5,9.5,10,1
96,177,16,0,4.3,27,93,162,3.72,10.45,10,1
96,177,26,0,5.4,34,86,152,4.81,10.6,10,1
96,177,41,0,7.1,43,77,137,5.77,10.68,10,1
96,177,48,0,8.2,50,70,130,5.85,11.14,10,1
96,177,59,0,10.3,63,57,119,5.73,12.53,10,1
96,177,67,1,11.2,68,52,111,5.98,12.81,9,1
96,177,82,2,12.5,77,43,96,6.56,13.4,8,1
96,177,86,2,14.3,87,33,92,6.01,16.73,8,1
96,177,103,3,15.1,91,29,75,6.82,15.52,7,1
96,177,122,4,17.2,104,16,56,7.09,21.0,6,1
96,177,130,5,18.3,111,9,48,7.1,32.0,5,1
96,177,145,6,19.5,119,1,33,7.44,198.0,4,1
97,165,11,0,1.1,7,113,155,10.0,8.23,10,1
97,165,13,0,3.4,22,98,153,3.82,9.37,10,1
97,165,16,0,4.2,26,94,150,3.81,9.57,10,1
97,165,26,1,6.1,37,83,140,4.26,10.12,9,1
97,165,28,1,7.0,42,78,138,4.0,10.62,9,1
97,165,45,1,9.1,55,65,121,4.95,11.17,9,1
97,165,49,1,10.2,62,58,117,4.8,12.1,9,1
97,165,55,1,12.3,75,45,111,4.47,14.8,9,1
97,165,63,2,13.5,83,37,103,4.67,16.7,8,1
97,165,71,3,15.4,94,26,95,4.61,21.92,7,1
97,165,98,4,16.4,100,20,68,5.98,20.4,6,1
97,165,118,4,18.3,111,9,48,6.45,32.0,6,1
97,165,142,4,19.4,118,2,24,7.32,72.0,6,1
98,143,6,0,1.2,8,112,138,5.0,7.39,10,0
98,143,17,0,3.3,21,99,127,5.15,7.7,10,0
98,143,27,0,5.5,35,85,117,4.91,8.26,10,0
98,143,39,1,6.4,40,80,105,6.09,7.88,9,0
98,143,40,1,8.1,49,71,104,4.94,8.79,9,0
98,143,49,1,10.0,60,60,95,4.9,9.5,9,0
98,143,60,1,11.2,68,52,84,5.36,9.69,9,0
98,143,71,1,13.5,83,37,73,5.26,11.84,9,0
98,143,80,2,15.0,90,30,64,5.33,12.8,8,0
98,143,87,3,16.1,97,23,57,5.4,14.87,7,0
98,143,102,3,18.2,110,10,42,5.6,25.2,7,0
98,143,112,4,19.4,118,2,32,5.77,96.0,6,0
99,198,8,1,1.4,10,110,191,5.71,10.42,9,1
99,198,14,2,2.0,12,108,185,7.0,10.28,8,1
99,198,25,2,4.5,29,91,174,5.56,11.47,8,1
99,198,31,2,5.3,33,87,168,5.85,11.59,8,1
99,198,43,2,7.4,46,74,156,5.81,12.65,8,1
99,198,50,2,8.0,48,72,149,6.25,12.42,8,1
99,198,61,2,10.3,63,57,138,5.92,14.53,8,1
99,198,77,2,11.3,69,51,122,6.81,14.35,8,1
99,198,94,2,12.5,77,43,105,7.52,14.65,8,1
99,198,110,3,14.1,85,35,89,7.8,15.26,7,1
99,198,123,3,15.1,91,29,76,8.15,15.72,7,1
99,198,144,4,17.4,106,14,55,8.28,23.57,6,1
99,198,155,5,18.1,109,11,44,8.56,24.0,5,1
99,198,167,5,19.3,117,3,32,8.65,64.0,5,1
100,178,4,0,1.0,6,114,175,4.0,9.21,10,0
100,178,15,0,2.3,15,105,164,6.52,9.37,10,0
100,178,16,0,4.5,29,91,163,3.56,10.75,10,0
100,178,20,1,5.3,33,87,159,3.77,10.97,9,0
100,178,23,2,6.1,37,83,156,3.77,11.28,8,0
100,178,38,3,8.3,51,69,141,4.58,12.26,7,0
100,178,44,4,9.2,56,64,135,4.78,12.66,6,0
100,178,52,5,10.1,61,59,127,5.15,12.92,5,0
100,178,68,6,12.3,75,45,111,5.53,14.8,4,0
100,178,78,6,13.0,78,42,101,6.0,14.43,4,0
100,178,98,6,14.5,89,31,81,6.76,15.68,4,0
100,178,115,6,16.3,99,21,64,7.06,18.29,4,0
100,178,131,7,17.5,107,13,48,7.49,22.15,3,0
100,178,150,7,18.1,109,11,29,8.29,15.82,3,0
100,178,158,7,19.1,115,5,21,8.27,25.2,3,0
